,model,iou,f1,loss
0,att_dense_unet_140_Orig_final,0.759619460105896,0.8475400245189667,0.014701316803693772
1,unet_140_Orig_final,0.5481449109315872,0.5897402679920196,0.014930137023329735
2,dense_unet_140_Orig_final,0.7584351754188537,0.8459402787685394,0.014934986270964146
3,att_unet_140_Orig_final,0.7278322100639343,0.8178302371501922,0.01223360514268279
